Datetime,Water Level (m)
2025-08-05 06:00:00,0.22377747
2025-08-05 07:00:00,0.2091903
2025-08-05 08:00:00,0.2574595
2025-08-05 09:00:00,0.33552918
2025-08-05 10:00:00,0.4143372
2025-08-05 11:00:00,0.48610058
2025-08-05 12:00:00,0.525311
2025-08-05 13:00:00,0.49744081
2025-08-05 14:00:00,0.40667894
2025-08-05 15:00:00,0.2851706
2025-08-05 16:00:00,0.14973836
2025-08-05 17:00:00,0.035668317
2025-08-05 18:00:00,-0.02687454
2025-08-05 19:00:00,-0.0017310046
2025-08-05 20:00:00,0.10827774
2025-08-05 21:00:00,0.27628657
2025-08-05 22:00:00,0.47144985
2025-08-05 23:00:00,0.65423435
2025-08-06 00:00:00,0.79071456
2025-08-06 01:00:00,0.8513269
2025-08-06 02:00:00,0.81538796
2025-08-06 03:00:00,0.7068748
2025-08-06 04:00:00,0.5503964
2025-08-06 05:00:00,0.38105056
2025-08-06 06:00:00,0.22886275
2025-08-06 07:00:00,0.14121127
2025-08-06 08:00:00,0.13675278
2025-08-06 09:00:00,0.21168241
2025-08-06 10:00:00,0.33611664
2025-08-06 11:00:00,0.46315396
2025-08-06 12:00:00,0.56871396
2025-08-06 13:00:00,0.6070788
2025-08-06 14:00:00,0.5665242
2025-08-06 15:00:00,0.44800946
2025-08-06 16:00:00,0.2773622
2025-08-06 17:00:00,0.10368151
2025-08-06 18:00:00,-0.0323744
2025-08-06 19:00:00,-0.09151659
2025-08-06 20:00:00,-0.05021478
2025-08-06 21:00:00,0.10770437
2025-08-06 22:00:00,0.33061162
2025-08-06 23:00:00,0.57106525
2025-08-07 00:00:00,0.787337
2025-08-07 01:00:00,0.93432903
2025-08-07 02:00:00,0.9722225
2025-08-07 03:00:00,0.88353574
2025-08-07 04:00:00,0.71235174
2025-08-07 05:00:00,0.5000329
2025-08-07 06:00:00,0.28150886
2025-08-07 07:00:00,0.11178651
2025-08-07 08:00:00,0.034798276
2025-08-07 09:00:00,0.070409805
2025-08-07 10:00:00,0.19906138
2025-08-07 11:00:00,0.3738843
2025-08-07 12:00:00,0.5526541
2025-08-07 13:00:00,0.68193614
2025-08-07 14:00:00,0.71265537
2025-08-07 15:00:00,0.63264716
2025-08-07 16:00:00,0.45641032
2025-08-07 17:00:00,0.2347887
2025-08-07 18:00:00,0.049711417
2025-08-07 19:00:00,-0.06817055
2025-08-07 20:00:00,-0.12153411
2025-08-07 21:00:00,-0.030826936
2025-08-07 22:00:00,0.17736703
2025-08-07 23:00:00,0.4503696
2025-08-08 00:00:00,0.7180216
2025-08-08 01:00:00,0.9525615
2025-08-08 02:00:00,1.0852375
2025-08-08 03:00:00,1.0589263
2025-08-08 04:00:00,0.9038155
2025-08-08 05:00:00,0.66596943
2025-08-08 06:00:00,0.3907
2025-08-08 07:00:00,0.13679071
2025-08-08 08:00:00,-0.027105674
2025-08-08 09:00:00,-0.068445124
2025-08-08 10:00:00,0.027260982
2025-08-08 11:00:00,0.22241126
2025-08-08 12:00:00,0.4552039
2025-08-08 13:00:00,0.65207785
2025-08-08 14:00:00,0.7611213
2025-08-08 15:00:00,0.7578214
2025-08-08 16:00:00,0.6131406
2025-08-08 17:00:00,0.37320378
2025-08-08 18:00:00,0.1057803
2025-08-08 19:00:00,-0.107583225
2025-08-08 20:00:00,-0.24431416
2025-08-08 21:00:00,-0.24677686
2025-08-08 22:00:00,-0.091043256
2025-08-08 23:00:00,0.18639605
2025-08-09 00:00:00,0.51564807
2025-08-09 01:00:00,0.8218407
2025-08-09 02:00:00,1.0498388
2025-08-09 03:00:00,1.1225275
2025-08-09 04:00:00,1.0387325
2025-08-09 05:00:00,0.80743885
2025-08-09 06:00:00,0.5031862
2025-08-09 07:00:00,0.19128002
2025-08-09 08:00:00,-0.05394566
2025-08-09 09:00:00,-0.178297
2025-08-09 10:00:00,-0.14386389
2025-08-09 11:00:00,0.03911169
2025-08-09 12:00:00,0.30541146
2025-08-09 13:00:00,0.58010703
2025-08-09 14:00:00,0.79161817
2025-08-09 15:00:00,0.8836223
2025-08-09 16:00:00,0.8230174
2025-08-09 17:00:00,0.6160044
2025-08-09 18:00:00,0.32753044
2025-08-09 19:00:00,0.043054923
2025-08-09 20:00:00,-0.18276794
2025-08-09 21:00:00,-0.2882528
2025-08-09 22:00:00,-0.22359028
2025-08-09 23:00:00,0.0068307216
2025-08-10 00:00:00,0.33813575
2025-08-10 01:00:00,0.70336056
2025-08-10 02:00:00,1.0094746
2025-08-10 03:00:00,1.1853588
2025-08-10 04:00:00,1.1881976
2025-08-10 05:00:00,1.0132791
2025-08-10 06:00:00,0.71314216
2025-08-10 07:00:00,0.3613022
2025-08-10 08:00:00,0.045853555
2025-08-10 09:00:00,-0.16518049
2025-08-10 10:00:00,-0.22693129
2025-08-10 11:00:00,-0.11603908
2025-08-10 12:00:00,0.14025885
2025-08-10 13:00:00,0.45905942
2025-08-10 14:00:00,0.74721545
2025-08-10 15:00:00,0.9439621
2025-08-10 16:00:00,0.9806607
2025-08-10 17:00:00,0.8517628
2025-08-10 18:00:00,0.5827667
2025-08-10 19:00:00,0.2668115
2025-08-10 20:00:00,-0.029620955
2025-08-10 21:00:00,-0.23000401
2025-08-10 22:00:00,-0.2755472
2025-08-10 23:00:00,-0.13742755
2025-08-11 00:00:00,0.14894937
2025-08-11 01:00:00,0.51571167
2025-08-11 02:00:00,0.88405216
2025-08-11 03:00:00,1.1512904
2025-08-11 04:00:00,1.256388
2025-08-11 05:00:00,1.1762897
2025-08-11 06:00:00,0.92510605
